,n_equil,eta,l,alpha,r_s,tau,Ncut,nconfig,eavg,err,egth,err_gth
0,400,0.2,50,40.0,1,0.05,10,32,-1.4106482167050045,0.003036748353839202,-1.4106482163385636,0.0030367483613140474
1,200,0.2,50,40.0,2,0.1,10,32,-0.7127687662334072,0.0021297208978428785,-0.7127687647188604,0.0021297208825656615
2,133,0.2,50,40.0,3,0.15,10,32,-0.46878716911433854,0.0020844868964167464,-0.4687871775241735,0.0020844869477337734
3,100,0.2,50,40.0,4,0.2,10,32,-0.3530690083167929,0.0018497494350005995,-0.35306915223362306,0.0018497361966512268
4,80,0.2,50,40.0,5,0.25,10,32,-0.2835335483104879,0.002508753620576215,-0.2835336441327628,0.0025087050699663426
5,66,0.2,50,40.0,6,0.3,10,32,-0.22426330914488288,0.0025827159289007946,-0.22426374548470018,0.0025826718133573215
6,57,0.2,50,40.0,7,0.35,10,32,-0.1897338747199649,0.0033463479164105073,-0.18973434899363237,0.003346204544551598
7,50,0.2,50,40.0,8,0.4,10,32,-0.17420388116983618,0.0026580151249506172,-0.1742044129458722,0.0026578867550711895
